<?xml version="1.0" encoding="UTF-8"?>
<config xmlns="http://www.knime.org/2008/09/XMLConfig" xmlns:xsi="http://www.w3.org/2001/XMLSchema-instance" xsi:schemaLocation="http://www.knime.org/2008/09/XMLConfig http://www.knime.org/XMLConfig_2008_09.xsd" key="MiningSchema">
    <config key="learning">
        <entry key="array-size" type="xint" value="10"/>
        <entry key="0" type="xstring" value="TOKEN"/>
        <entry key="1" type="xstring" value="B827EB1741B5-0+Mean(Media_Movil)"/>
        <entry key="2" type="xstring" value="B827EB1741B5-1+Mean(Media_Movil)"/>
        <entry key="3" type="xstring" value="B827EB1741B5-2+Mean(Media_Movil)"/>
        <entry key="4" type="xstring" value="B827EB53A67E-0+Mean(Media_Movil)"/>
        <entry key="5" type="xstring" value="B827EB53A67E-1+Mean(Media_Movil)"/>
        <entry key="6" type="xstring" value="B827EB7BD4BF-0+Mean(Media_Movil)"/>
        <entry key="7" type="xstring" value="B827EB7BD4BF-1+Mean(Media_Movil)"/>
        <entry key="8" type="xstring" value="B827EB7BD4BF-2+Mean(Media_Movil)"/>
        <entry key="9" type="xstring" value="B827EB53A67E-2+Mean(Media_Movil)"/>
    </config>
    <config key="target">
        <entry key="array-size" type="xint" value="1"/>
        <entry key="0" type="xstring" value="Zona"/>
    </config>
</config>
